<?xml version="1.0" encoding="UTF-8"?>
<project-private xmlns="http://www.netbeans.org/ns/project-private/1">
    <editor-bookmarks xmlns="http://www.netbeans.org/ns/editor-bookmarks/2" lastBookmarkId="0"/>
    <open-files xmlns="http://www.netbeans.org/ns/projectui-open-files/2">
        <group>
            <file>file:/C:/Users/Angelique/Documents/NetBeansProjects/lastsession/src/java/net/javaguides/usermanagement/web/UserServlet.java</file>
            <file>file:/C:/Users/Angelique/Documents/NetBeansProjects/lastsession/web/user-form.jsp</file>
            <file>file:/C:/Users/Angelique/Documents/NetBeansProjects/lastsession/src/java/net/javaguides/usermanagement/dao/UserDAO.java</file>
            <file>file:/C:/Users/Angelique/Documents/NetBeansProjects/lastsession/src/java/net/javaguides/usermanagement/model/User.java</file>
            <file>file:/C:/Users/Angelique/Documents/NetBeansProjects/lastsession/web/user-list.jsp</file>
        </group>
    </open-files>
</project-private>
